epoch,time,train/box_loss,train/cls_loss,train/dfl_loss,metrics/precision(B),metrics/recall(B),metrics/mAP50(B),metrics/mAP50-95(B),val/box_loss,val/cls_loss,val/dfl_loss,lr/pg0,lr/pg1,lr/pg2
1,94.6787,1.85977,3.2952,1.36792,0.03772,0.29667,0.16978,0.08402,1.98615,3.22676,1.35969,0.00021671,0.00021671,0.00021671
2,188.912,1.70064,1.71691,1.22463,0.92573,0.29077,0.39849,0.24044,1.84348,2.30144,1.29993,0.000441178,0.000441178,0.000441178
3,289.541,1.59234,1.48175,1.1777,0.92243,0.29839,0.37047,0.21818,1.8993,2.29952,1.37898,0.000656405,0.000656405,0.000656405
4,385.258,1.53625,1.312,1.13899,0.781,0.23342,0.2589,0.15403,1.88926,2.25195,1.3903,0.000862389,0.000862389,0.000862389
5,488.248,1.57022,1.21104,1.14944,0.49678,0.30403,0.34311,0.19499,1.96309,2.14535,1.46187,0.00105913,0.00105913,0.00105913
6,596.035,1.54546,1.13519,1.14091,0.53513,0.3731,0.41503,0.23403,1.84859,1.87971,1.36919,0.00124663,0.00124663,0.00124663
7,705.55,1.51543,1.10306,1.16039,0.50876,0.52004,0.47772,0.26966,1.7516,1.61581,1.29956,0.00142489,0.00142489,0.00142489
8,813.162,1.51377,1.05768,1.14762,0.55404,0.57613,0.55547,0.31884,1.59707,1.43651,1.23008,0.00143595,0.00143595,0.00143595
9,912.449,1.50899,1.07769,1.16175,0.56333,0.6269,0.58655,0.32758,1.62691,1.47771,1.23544,0.00140295,0.00140295,0.00140295
